id	char
0	soloray pigeum saw palmetto
1	shop vac connector
2	pry bar set
3	warn m12000 cover
4	pry bar firefighting
5	royal albert tea pot
6	ic insertion tool
7	router bits 1 2 inch shank
8	truck storage bar
9	12x18 poster frame
10	jarrow glutamine
11	harley davidson die cut decal
12	iguana supplies
13	monolight
14	klimt poster
15	drum brake tool
16	paper photo 14
17	aquarium shark
18	70 x 104 tablecloth
19	exo terra 120v 150w
20	mueller elbow
21	maillist program for mac
22	planer router bit
23	power supply to sata
24	applesauce maker
25	231c
26	folio size ring planner
27	45ct4
28	chlorophyl
29	orrefors intermezzo flute
30	zoom modem
31	primeval labs lgd
32	shark corp tree saw
33	11x14 luster photo paper 69lb
34	table saw blade
35	fungus fighter
36	sata power cable single
37	m.a.c. makeup
38	aveeno daily moisturizer
39	day timer binder size 4
40	lead swivel
41	l glutamine vitamins
42	brake spoon
43	rose china
44	schleich smurfs
45	lisle 28500 strap wrench
46	psyllium husks
47	mtm ammo box
48	poached egg pan stainless
49	psyllium whole husks
50	shopvac hose connector
51	liquid fuel camp stove
52	paint product pole
53	tiffany ceiling fan lights
54	27"
55	mounting bracket - 1 gang
56	8 in cake board
57	coleman cooler
58	gilmore sprayer parts
59	coleman stove dual fuel
60	remington 700
61	spa headband
62	fondue pot
63	becky in wheelchair
64	elbow compression
65	flush cutting pliers
66	dog citronella spray
67	galco 1911 4 holsters
68	tolo
69	brake cylinder hone
70	mini crowbar
71	belkin power strip
72	carhartt xlt charcoal
73	oneida dover
74	fortune tellers sphere
75	galco 1911 4inch holsters
76	andis 64084
77	lined post it notes
78	hp printer replacement ink 27
79	warne qd rings
80	8 inch cake board
81	coleman grill
82	coleman 413h
83	pelican 2610 strap
84	harley davidson tags
85	blow up swimming pools
86	barbie becky
87	woodstock encore chimes
88	oxo good grips metal turner
89	camping stove propane
90	nullo
91	cargo bars
92	fm10 nikon
93	ratchet bar for your truck
94	11 x 14 paper
95	stanley tool
96	boat rear view mirror
97	water hose garden
98	rokenbok
99	aveno
100	pendant lighting
101	foley mill
102	bathroom light
103	system to moniter connecting signal cable
104	small crow bar
105	bottle stopper
106	pegboard hooks
107	brake spring tool
108	40rep
109	modeling lamp 100w
110	winter berry china creamer
111	black lab stuffed animal 18"
112	eye shadow mac
113	propane camp lanterns
114	organic breathmints
115	scout scope
116	hush puppies
117	prostate supplements
118	lanzar amplifiers
119	20 ft dvi single link
120	moen towel bars
121	oxo steel flexible turner
122	plush black dog
123	monin hazelnut
124	electronic audio selector
125	20x optical zoom video camera
126	sour sop candy
127	the beginning beanie babie
128	woodstock encore collection chimes of pluto
129	lacrossegoal
130	contractor outlet
131	hose coil
132	aveeno clear complexion daily moisturizer
133	warn
134	tent ground cloth
135	large inflatable pool
136	taz ornaments
137	cotton tablecloth 70 x 104
138	crafts for kids
139	flyshooter bug gun
140	windchimes amazing grace
141	dym30374
142	makeup nars concealer
143	ingersoll rand 231c
144	inflatable pool
145	pyramid time cards
146	50 foot coil garden hose
147	elbow wraps
148	canon optura 30
149	m-3500 ribbon
150	scented markers washable
151	photosuite platinum
152	psyllium
153	physllum husk
154	large oval tablecloths
155	home made ups
156	sata power splitter
157	cream and sugar set pfaltzgraff
158	graphites homeopathic
159	gadgets
160	fishing weights
161	creed for men cologne
162	daytimer folio black
163	b-complex 100
164	mcdavid elbow 512
165	ir air tools
166	diapter adjustment for nikon eye piece
167	stanley crowbar
168	parsley capsules
169	cotton ball holder
170	apricot candy
171	surface planing router bit
172	4x4 post it notes
173	cat repellent
174	klein tools
175	small soldiers action figures gorgonites
176	kid gadgets
177	big tall jeans
178	sontava habanero
179	clorophil
180	physics gadgets
181	ladder
182	flush cutter
183	camp stoves
184	dog kennel pad 30 x 18
185	dockers loafers for men
186	woodstock wood chimes
187	lycopene
188	mens black western boots
189	98 in by 3/8
190	barn door pulls
191	sparkles
192	murder mystery dinner party
193	crystal star digestive support
194	mini plasma
195	audiobooks henry flagler
196	pyramid time clock ribbon
197	black panties
198	solgar l carnitine 500 mg
199	mens 6" work boots boots
200	monin syrup hazelnut 750ml
201	royal albert old country roses teapot
202	vietnamese candy
203	ford ranger light mount
204	mens xlt shirts
205	pyramid 3500 time clock
206	spatula silicone oxo small
207	eggs poacher
208	time cards pyramid
209	yohimbe 2000
210	bromelain 500mg by source naturals
211	window alarm
212	primera ink cartridge black 053331
213	lampshades
214	cyclone cider
215	styrene square rod
216	keyboard
217	1" rotary hammer drill bit
218	smurf toys
219	hpw to host a murder paris
220	sk socket set
221	security door stop alarm
222	lifelink
223	nikon diopter -2 d3200
224	11x14 glossy photo paper
225	face moisturizer for women
226	small crowbar
227	usb 4.0 hub
228	lehigh group 100 ft. cotton clothesline
229	oval tablecloth
230	solgar l lysine 500 mg
231	san jamar oven mitt
232	yerba prima
233	creed himalaya
234	vicki bliss by elizabeth peters
235	bose center speaker
236	winterberry creamer and sugar
237	cisco 1900
238	clava leather
239	belize hot sauce
240	warn winch
241	organic cold pressed castor oil
242	skylight frame
243	acetic acid
244	lacross net
245	bolo tie
246	crock
247	pacific play tents tunnel
248	water bottle for guinea pig
249	aveeno facial lotion
250	warne 1 inch quick detach rings
251	tools under 5 dollars
252	hunting boots
253	low profile center channel speaker
254	mcfarlane
255	gerber multi tool
256	folkmanis hand puppet dinosaur
257	boating supplies
258	golf shirts with zip off sleeves
259	crocs
260	rocky boots
261	creed boutique
262	yohimbine hcl
263	pfaltzgraff winterberry
264	see thru scope mounts
265	door jam
266	yohimbe bark extract action labs
267	wonder bar
268	external hard drive 250gb
269	4x4 ruled post it
270	women thongs
271	fly gun
272	sealife external flash
273	wilton 8 inch cake circle
274	weaver scope rings
275	dockers men's catalina
276	daytimer folio pocket
277	singers accessories
278	devita moroccan rose toner
279	ajc
280	lined post its
281	barbie doll room
282	4x4 sticky notes
283	castor oil liquid
284	adesso mini trackball usb ack
285	springhose 3/8-in x 50-ft
286	coiled hose
287	hand painted sugar bowl
288	coleman duel fuel
289	cake boards 8 inch
290	panasonic kx-a36 battery
291	avery injet address labels
292	point and shoot camera
293	face sponge cleansing
294	weaver 49510
295	desk gadgets for fun
296	door stop safety
297	numbered dividers
298	old country roses
299	dog lovers
300	fly fishing
301	belkin pureav
302	optizinc
303	bose sound bar
304	red cast iron fondue set norpro
305	belkin surge protectors
306	andis 40 ultra edge blade
307	english rose china
308	foodmill
309	heating pad homedics
310	cold press castor oil
311	spiked seltzer
312	security door stop
313	dog crate pad
314	pyramid 3500 time cards
315	stainless steel egg poacher
316	page protectors double sided
317	api water conditioner
318	michael critchton
319	lego
320	cd-r
321	crowbar tool
322	con266b
323	x8000i warn winch cover
324	body odor
325	castor oil
326	70 tablecloth
327	jigsaw puzzles
328	stud finder
329	ford ranger light bar bracket
330	camping tove
331	tab protector
332	ge doorstop alarm
333	women's gold toe socks
334	barbie vintage
335	corner chisel
336	bike truck bar
337	live bacteria for reef aquariums
338	saltwater miracle mud
339	4x4 lined post it notes
340	kool tech oven mitt
341	ebay
342	corn holders set
343	pocket patch
344	document organizer software
345	bearded dragon
346	bad breath pills
347	participant ribbons
348	pantothenic acid country life
349	ro tubing
350	luigi bormioli glassware
351	poached egg fry pan
352	wood chisel
353	pigs
354	sata power adaptor
355	all weather water bottles for rabbit
356	kennel pad
357	aurora stuffed animals
358	folkmanis dinosaur
359	barbie 2000
360	dog crate pad 30 x 18
361	poached egg
362	wine bottle stoppers
363	scented washable markers
364	harley davidson decal for rtic
365	women's underwear
366	flygun
367	yerba psyllium husk
368	milk thistle extract
369	panties
370	ir231c impact
371	lacrosse gloves
372	clemson flag with pole
373	full tea service
374	coleman 2 burner dual fuel stove
375	champion sports backyard lacrosse goal
376	16x20 frame silver
377	wood balance scale
378	kimber holsters 1911
379	door alarms for apartments
380	folkmanis tyrannosaurus rex hand puppet
381	yerba prima psyllium whole husks
382	24' aluminum planks
383	fisherman's pliers
384	cookie spatula large
385	crowbar
386	hunting accessories
387	tdk blank vhs tape
388	blank cds 100 pack
389	wheelchair. barbie
390	barbie doll school
391	warne quick detach rings
392	aveeno facial moisturizer
393	harley car accessories
394	country life vitamin calcium citrate
395	harley davidson bumper sticker
396	thong underwear
397	harley davidson stickers and decals
398	masonary bit 1 inch
399	guinea pig water bottles
400	crawl through tent
401	tent for kids outdoor
402	aurora stuffed dog
403	b00014hhtc
404	stuffed dog black
405	fire escape ladder 2 story
406	noctilux lens
407	hp cartridges 27 and 28
408	y molex
409	fly shooter gun
410	figuarts count darth tryanus
411	inflatable pool deep
412	women swatch
413	beer stopper
414	the tire for make dolly
415	white outlet
416	konica flash
417	negitive holders
418	plant light 150 watt
419	heavy duty cargo bar
420	gecko habitat
421	salt shooting gun
422	wind chimes
423	pyramid time clock ribbon 4000r
424	sugar and creamer
425	mouse pad medium
426	tablecloth 70x104
427	hercules tow rope
428	irwin pliers
429	steel toe boots
430	men's pocketwatches
431	one time
432	epson 11 x 14
433	linksys wireless bridge adapter for phone
434	yohimbe
435	bowl with lock
436	impact driver
437	8" round cake board
438	puppets for kids
439	ceramic egg poacher
440	b00kbmmome|b001lfi8pc|b00e4ml752|b000muqfti|b0067h6m66|b001e96l9a|b00e4mpyme|b0000632en|b004d247sc|b000reo5jq|b0081e6x2q|b003ns56by|b0000536f0|b00b588f12|b00hnssl6c|b00006frw7|b000yy5qds|b000mutd4m|b000yy7m9e|b000yy9ehc|b003o7jm78|b003o7ibuw|b001im5vt4|b0013oksay|b00b88zitq|b00hnssphw|b004d282d8|b004d248ja|b001ij1pbk
441	skechers
442	coleman multi fuel stove
443	padi
444	low scope ring
445	reverse osmosis system
446	oxo stainless steel flexible turner
447	lw 30374
448	gibbs gold jig kokanee
449	belkin headphone male to female splitter
450	panasonic palmcorder battery
451	square rod
452	adesso mini trackball usb keyboard (ack-5010ub)
453	hammer
454	alex toys
455	day-timer
456	doj pistol safe
457	stearns life jacket rearming kits
458	wheelchair dolls
459	holster for beretta 92
460	felina
461	router hub
462	boat oars
463	stuffed animal dog
464	lacrosse goal
465	samsung microwave turntable plate
466	glutamine
467	brain pad mouth guard
468	pyramid time cards 4000
469	mens shoes size 11
470	freud -- 12-194
471	center speakers
472	picture station dpp ex50
473	yellow panties
474	egg pouching pan
475	physillium husks
476	great white shark
477	lotion
478	hercules rope
479	threaded extension pole
480	bose
481	tea pot sets
482	scaffold plank
483	pygeum & saw palmetto solaray
484	clemson house banner
485	day timer folio
486	pry bars heavy duty stanley
487	mineral mud refugium media
488	oxo small rubber spatula
489	minolta lens
490	70 x 104 tablecloth oval
491	50 rounds box
492	kool-tek 15-inch oven mitt by katchall
493	electronic speaker selector
494	elbow sleeves
495	edsyn fxf11, fxf12 and fxf14
496	link bracelet
497	panasonic phone rechargeable battery
498	woidstock chimes
499	clemson flag house flag
500	wellington clothes line
501	mcdavid elastic elbow support, medium
502	photo sheets 11 by 14
503	harley stickers
504	vhs tapes
505	christmas sugar bowl and creamer
506	citronella dog spray
507	energy ball - scientific fun
508	irrigation wire
509	starter 5.0 mercruiser
510	3 4 inch straight router bits
511	gerber mp600 bluntnose
512	50 foot water coil hose
513	night train to memphis audible
514	winterberry creamer
515	photo paper 11x14 glossy
516	jarrow l glutamine
517	rocky® mobilite 6" steel toe boots
518	boat mirror
519	basil
520	lacrosse cleats
521	12 by 18 frame
522	sololary pygeum and saw
523	woodstock chimes
524	plastair springhose
525	monin syrup hazelnut
526	play tent
527	meyer electric wok
528	negative film cover
529	sata cable
530	qual call
531	elbow brace
532	oxo spatula small
533	scope mount rings
534	doorstop alarm
535	daylight 150 heat bulb
536	lola bunny
537	avery 8460 address labels
538	emergency rope ladder
539	chlorofresh 90 softgels
540	cotton clothesline rope
541	low voltage mounting bracket
542	michael star wish
543	dragon food
544	hot sauce
545	frames ohio state buckeyes diploma frame
546	glutamine jarrow
547	glutamin
548	pyramid
549	trick worm
550	native american figure
551	sticker
552	sds drill bits 1"
553	kimber 1911 holsters
554	accessories
555	dryer cords
556	uniden phone batteries tl26154
557	artichoke leaf
558	rv accessories fun
559	b00005bw33
560	hone
561	fry egg
562	pacific play tents 4 kid
563	stanley puller
564	elbow sleev
565	pysillum husk powder
566	power cord three eyelets
567	sontava
568	bianchi beretta 92 holster
569	1in qd rings
570	organic castor oil hexane free
571	100w 90v einchrom
572	thompson center 1 stainless steel
573	sony picture station ex50
574	travel door locks
575	door alarm
576	ir-231c
577	gun accessories
578	hc5051
579	marklin z
580	electrical receptacles
581	defeet socks
582	harley davidson window decal
583	microwave replacement glass plate for samsung
584	dog bed 33x21
585	table cloth oval
586	coleman liquisd fuel stove
587	old country rose china
588	harley bumper sticker
589	black dog stuffed animal
590	loman quail call
591	vitamin shoppe
592	clow cards
593	sheet protectors super heavy weight
594	magic ball
595	folkamamis dinosauer
596	thongs under 2 dollars
597	sds max bits
598	pry bar mini
599	2001 ford ranger light bar brackets
600	3 wire dryer cord
601	sata power 2x female to male
602	royal albert® old country roses teapot
603	streamlight button cover
604	spatula small
605	gold toe womens socks 6-9
606	puffy eye reliever
607	tool box
608	devita rose toner
609	huckleberry
610	nylon thong
611	college flag pole
612	aveeno moisturizer clear complexion
613	acne moisturizer
614	power supply cable sata
615	windchimes unique outdoor
616	clava leather padfolio
617	pig kitchen accessories
618	stainless steel staples
619	eheim 1048
620	water hose
621	hp ink cartridge 28
622	pyramid 3500 time clock cards
623	wheels and tires
624	pfaltzgraff winterberry sugar and creamer
625	shop vac hose
626	router speed control
627	harley davidson truck tags
628	mens loafers and slip on
629	travel safety
630	speaker selector
631	old country roses teapot
632	chimes pluto
633	bissel pro powersteamer 1697-m
634	j peg hooks for pegboard
635	winterberry sugar
636	tablecloth racetrack oval
637	dual fuel stove
638	clorafresh
639	chlorofresh natures way
640	austin air filter
641	grizzly
642	psyllium whole husk powder
643	brake tool
644	creed
645	shark tank
646	natural pineapple capsules
647	3m ha6000-24 enx projection lamp
648	stuffed black lab
649	natures way chlorophyll concentrate
650	caster oil cold press
651	oasis 16 oz water bittle
652	100 feet sprinkler wire
653	glutamine 1000mg
654	mac makeup eyeshadow
655	decaf assam
656	amana 45453
657	enzymatic artichoke extract
658	solgar acetyl l-carnitine 500mg
659	dog beds 18 x 8
660	1" max sds bit
661	gold toe socks
662	air gun tool
663	bose speaker
664	wood carving chainsaw
665	big oil filter chain
666	cyclone herb
667	vynle harley sticker
668	dockers shoes men 11
669	im1848303
670	pacific play tents
671	belkin speaker and headphone splitter
672	ir 231
673	milk thistle liver support
674	creed cologne
675	huckleberry pie
676	omega 3 supplements
677	dymo labels buisness card labels
678	ethernet bridge
679	waypoint phone charger
680	8 in. cake circles
681	source naturals optizinc
682	double flute straight router bit
683	aveeno moisturizer face
684	hpinkcartridges 27 & 28
685	convert a mitt
686	r/o 1/4 tubing
687	burris scout scope rings
688	water hose coil
689	organizer planner
690	goldenfeast tropical fruit pudding
691	3200k flash bulb
692	wifi bridge
693	biblical oils frankincense supplement
694	dinnerware set
695	sony camera
696	omnifi
697	leviton duplex outlet
698	glutamine l
699	irwin marples chisels
700	time release
701	4-0 treble hooks
702	grizzly tools
703	thiosinaminum
704	shark fish tank decorations
705	dukane projector lamp
706	pistol safes
707	travel secure door
708	door pull
709	camping fun
710	grizzly bandsaw blade
711	norpro fondue cast iron
712	crafts for tweens
713	rockey boots 6114
714	small plasma ball
715	folkmanis
716	thompson center
717	transom tie down straps
718	mens boots composite toe black
719	science gifts for adults
720	prybar stanley
721	stainless steel spatula oxo
722	hp-28 cartridge
723	ford ranger light bar brackets
724	apartment alarm
725	corn kitchen
726	cake rounds 8 inch
727	padi diving
728	electric lightning ball free shiping
729	coffee syrup monin
730	heat bulb
731	portable house alarm
732	rotisserie
733	thermometer fork
734	cylinder hone stones
735	duplex receptacle
736	coleman dual fuel
737	bounce ack coil hose
738	guinea pig drinking bottle
739	tea pot
740	bissell carpet shampooer
741	bufpuf facial sponge
742	brake tools
743	socket organizer
744	christy knife
745	post it notes 4x4
746	asparagus extract enzymatic therapy
747	primera bravo 2 ink
748	trijicon 1" quick detach mount
749	spit rod rotisserie basket
750	timberland boots
751	3 prong outlet
752	lola bunny ornament
753	brake adjustment tool
754	coleman stove liquid fuel
755	womens underwear
756	8.5 x 11 pocket folder
757	70x 104 table cloth
758	springhose 50
759	small tools
760	warn 16.5ti winch cover
761	cargo bar for suv
762	augason farms 2-quart mixing pitcher
763	mini madeleine pan
764	protein powder vanilla
765	westworld
766	warne rings
767	bromelain capsules
768	final fantasy action figures
769	tents for kids
770	1911 commander holster
771	gabriel cosmetics eyeliner
772	heart shaped heat
773	danner canadian
774	quail hunting
775	scope rings
776	bug a salt
777	castor oil for hair growth
778	digestive support
779	bath headband
780	11x14 glossy
781	canon mini dv camera
782	rabbit water bottles
783	corn holders
784	minolta dslr camera
785	loose decaffeinated tea
786	activity cube
787	home security
788	rokenbok balls
789	multi tool
790	gerber
791	drum brake adjustment tool
792	messermeister boning knives chromoly steel
793	harley davidson accessories
794	rain barrel
795	natures life vitamins
796	acidophilus
797	star wars count dooku
798	digital barbeque fork
799	nail dust collector
800	time clock
801	andis 40 ultraedge blade
802	rope ladder
803	sds max hammer drill bits
804	12 x 18 poster frame black
805	multitool
806	inflatable kiddie pool
807	80a filter
808	sata power cable
809	woodstock pluto
810	marklin z scale
811	gerber mp600
812	krona 10" egg poacher
813	doulton rose tea pot
814	gun
815	harley window sticker
816	loony tunes mini ornaments 18
817	clemson tiger house flag
818	compact ladder
819	women pumps
820	blue spatula
821	leap band
822	science
823	shark aquarium ornament
824	grizzly power tools
825	devita skin care
826	grill rotisserie basket
827	golf jackets with zip off sleeves
828	italian sugar bowl
829	tablecloths oval
830	prismacolor turquoise lead refill
831	computer keyboard and mouse trackball
832	aveno daily moisturizer
833	dog lover
834	roofing tools
835	gerber carbide cutter
836	wet dry vacuum
837	face lotion
838	felina panties thong
839	wall plug
840	aveeno clear complexion moisturizer
841	50-863007a1
842	m18x1.5 thread repair kit
843	kid play scale wood haba
844	custom greenhouses
845	barbie
846	mac makeup
847	cables to go print server
848	royal albert
849	folio size planner
850	reusable heat pad heart
851	avery 8460
852	buf puf regular
853	nars flat concealer makeup brush
854	fish tank
855	thongs for women
856	sales quota
857	dog bed pad 30x18
858	sliding door security bar
859	bolo
860	buff puff
861	moisturizer
862	mens garnet rings
863	alex markers
864	jojoba oil
865	extension pole paint roller
866	creed mens cologne
867	center speaker
868	kids science kits
869	quantum qpaq
870	cream cheese baskets
871	mini trackball
872	lacrosse net
873	original cash flow 202
874	ultraedge egt 40
875	xlt shirts for men
876	month notebook dividers
877	1 1 4 sds drill bit
878	sds plus bits 1 1 4
879	coiled garden hoses
880	nylon underwear
881	avenue face moisturizer
882	8460
883	organizer planner calendar phone
884	boat accessories
885	monin hazlenut
886	desk gadget
887	mac makeup eye primer
888	router bit
889	sds bit drill 1 inch
890	lecia 50mm 1.0
891	modern bathroom lighting
892	dxi7286
893	kool telnoven mitt
894	roof hook blades
895	multitool leatherman and gerber
896	fire escape rope
897	lenox poppies on blue dishes
898	black dog toy stuffed
899	lacrosse sticks
900	heat bulb 150 watt
901	wine key
902	steeltoe boots
903	aluminum bleachers
904	kids markers
905	roofing hatchet
906	curly hose
907	minolta 700i flash
908	harley davidson die cut decals
909	ski tie down
910	pre print dividers jan-dec
911	clorophilla liquid
912	gu10
913	cat
914	crystal star withdrawal support
915	markers washable
916	zinc, monomethionine
917	shark fish ornament
918	door alarm stopper
919	molex to sata 5 wire
920	olympus binoculars
921	f 1.0
922	nars makeup brush
923	convertible vest jacket
924	cylinder hone
925	nikon diopter d3200
926	label maker
927	fire ladder 2 story
928	duplex 15 amp
929	mens big and tall jean overalls
930	jerzees muscle tee
931	chinese ginger candy
932	clothing
933	rv camping accessories
934	chf industries
935	royal albert old country roses
936	legos basketball
937	product mac
938	gold toe turn cuff socks
939	adesso keyboard
940	fly shooter
941	samsung microwave
942	aveeno moisturizing lotion
943	coleman
944	kool tek
945	1 inch impact wrench 231c
946	bathroom light fixture brushed nickel
947	nature plus ultra one daily capsule
948	fly fishing accessories
949	scented toys for kids
950	zip organizer planner
951	lacross goal
952	gravy boat
953	ruger scout
954	yohimbe action
955	16x20 frame
956	produce
957	avery 5160 labels inkjet
958	pelican lights
959	56mm hole saw
960	tablecloth
961	rose dinnerware set
962	fish tank ornament shark
963	sugar and cream set
964	swatch watches for women
965	053331
966	wifi to ethernet adapter
967	pure castor oil
968	fire escape ladder
969	vhs tape
970	dried fruit bird
971	fire safety
972	portable cd player w/ car kit
973	canon video camera
974	eyes shadow mac
975	poached egg pan
976	chlorofresh
977	150 watt 120 v reptile bulb
978	shoes
979	handgun safe
980	6 ring dividers with tabs
981	melissa lab
982	second story escape ladder
983	wheelchair doll
984	clearence
985	warner scope mounts
986	atx power supply
987	saltwater aquarium nitrite/nitrate kit digital
988	refuguim nud
989	1911 belt holster
990	jarrow formulations jarrow l-glutamine ,
991	glove mittens gamehide
992	1 inch scope rings
993	cold presed castor oil
994	monin coffee syrup
995	kool-tek katchall
996	coil hose
997	outdoor pig
998	craftsman wet dry vac coupler
999	womens thong
1000	chicago bulls street sign
1001	cafe du monde decaf
1002	good grips turner
1003	looney tunes ornaments
1004	docker catalino
1005	docker catalina
1006	12x18 plexi frame
1007	natures plus ultra i
1008	salvador dalí master of modern art
1009	video camera
1010	compression sleeve elbow
1011	motorola talkabout 2-way radios
1012	acne lotion
1013	monolight 200ws
1014	stainless steel mixing bowls
1015	b complex softgel
1016	smell markers washable
1017	gadgets for men for christmas
1018	electric outlets
1019	mini nail puller
1020	c batteries
1021	boating accessories
1022	1/2 drive ingersal rand
1023	modal underwear
1024	roman ogee router bit
1025	aveeno face care
1026	11 x 14 photo paper
1027	bolo tie tips
1028	hp ink 28 tri color
1029	smurfs schleich
1030	windchime
1031	lenox holiday cutwork tablecloth white
1032	iw280 cwh
1033	pacific play tent and tunnel
1034	castor oi
1035	motorola walkie talkie 2 pack
1036	parasite cleanse for humans
1037	hewlitt packard ink 27
1038	emergency ladders for 2 story homes
1039	charcoal shirt mens
1040	prismacolor assessories
1041	rotisserie accessories
1042	recoil hose
1043	natures life vitamin c
1044	film negative book
1045	11x17 photo paper
1046	square pin 28 watt
1047	pantothenic acid
1048	dog collar
1049	electric wok
1050	wireless ethernet hub
1051	impacr wrench
1052	address book software
1053	fondue set cast iron
1054	10 inch saw blade
1055	thong
1056	aurora dogs
1057	l glutamine capsules
1058	clear complexion moisturizer
1059	pyramid clock
1060	1/2 impact air gun
1061	surfacing router bit
1062	post it notes pop up 4x4
1063	weaver super slam rifle scope
1064	mime
1065	dog carrier pad
1066	champoin sport goal
1067	homeopathic
1068	marine
1069	andis poodle clippers
1070	underwear
1071	strap land rover
1072	airsoft gun
1073	gerber tool
1074	28 ink
1075	pentax 67
1076	strap wrench automotive
1077	sb27265
1078	warne low rings
1079	sk wrench set
1080	pelican
1081	blanc sur blanc
1082	square corner chisel
1083	saw palmetto and pygeum supplements
1084	hp 28 ink
1085	30 x 18 aquarium lid
1086	emergency ladder
1087	kirschbaum tennis string multi
1088	ford ranger light bar westin
1089	shark for aquarium
1090	light bulb 82v enx
1091	fiji mud
1092	aveeno acne
1093	canon optura30
1094	pure cold processed castor oil
1095	olympus d510
1096	8"+cake+rounds
1097	blank video tapes
1098	pelican 2610
1099	dymo white card stock
1100	hushpuppy womens shoes
1101	stanley wonder bar pry bar
1102	extra wide binder dividers
1103	snap case t shirt
1104	aurora world flopsie
1105	deep pool
1106	plastruct
1107	oval tablecloth sizes
1108	mini gadgets
1109	remington 700 accessories
1110	devita
1111	freud double flute straight router bit
1112	plastic strip
1113	messermeister four season
1114	ingersoll rand air impact wrench
1115	leather organizer planner
1116	womens navy blue socks
1117	bedroom ladder
1118	1 4 router bit
1119	electrical socket
1120	food masher
1121	coleman camping grill
1122	salt gun
1123	sata power
1124	lacrosse bag goalie
1125	chlorophyll
1126	2.5" hose coupling
1127	personal security door alarm
1128	printer paper 11 x 14
1129	kerosene stove
1130	1" qd rings
1131	mens casual golf jackets
1132	wireless router
1133	egg poacher pan
1134	english tea set made in england
1135	visine eye drops
1136	daylight basking light 150w
1137	timberland 6 inch
1138	zapatos sas
1139	docking barn
1140	kooltek oven mitt
1141	travel door alarm
1142	pygeum and saw palmetto
1143	pry bar
1144	tiffany pendant lamp
1145	thermometer
1146	door jammer portable door security device
1147	castor oil cold pressed organic
1148	streamlight rubber button
1149	lacrosse balls
1150	stinless finishing trowel
1151	printer
1152	kooltek 13
1153	andis .25mm
1154	pcv valve elbow gmc
1155	coleman camp stove
1156	security devices for apartment doors
1157	archival document album
1158	cast iron norpro fondue
1159	harley window decal
1160	plastic dinnerware
1161	royal doulton
1162	golf water resistant shirt
1163	adiboo
1164	brake adjusting tool
1165	portable lacrosse goal
1166	mccormicks parsley
1167	kids crawl through tunnel
1168	tablecloth 70x70
1169	cheap 12 x16 poster frame
1170	15 amp receptacles
1171	washable scented markers
1172	fly swatter gun
1173	calcium for bearded dragon
1174	woodstock chimes of pluto
1175	pig corn cob holders
1176	oval tablecloth 70 x 104
1177	jarrow l-glutamine
1178	inkjet labels
1179	thinsulate shooting gloves
1180	35mm negative filing sheet 7 strips
1181	pfaltzgraff winterberry platter
1182	minolta camera case
1183	land rover discovery 2
1184	quick detach scope
1185	castor oil cold pressed
1186	cat pc game
1187	bp88 belts
1188	padi adventures in diving manual
1189	appointment card labels
1190	spring hose
1191	royal albert tea set
1192	flash for minolta camera
1193	liquid fuel coleman stove unlead gas
1194	trex puppet
1195	aveeno lotion with salicylic acid
1196	portable dac
1197	devrom
1198	corner round trim
1199	face buff puff
1200	avery extra wide dividers
1201	hand tools
1202	teapot sugar and creamer
1203	barbie dolls toys for girls
1204	sugar and creamer old english
1205	lohman quail calls
1206	winterberry sugar bowl
1207	outlet
1208	pyramid 4000r ribbon
1209	cake cardboard rounds
1210	cooler tie strap
1211	fish tank test kit
1212	2 1/2 inch vacuum connecter
1213	magazine 223. 30 round
1214	vera wang blanc sur blanc dinnerware
1215	electric woks
1216	bronze gifts
1217	mac makeup soft serve eyeshadow
1218	keyboard with ball mouse
1219	monin hazelnut syrup
1220	lego soccer
1221	grizzly clamping kit
1222	make up mac
1223	buf-puf singles facial sponge
1224	startech 20 ft dvi
1225	oxo small silicone spatula
1226	l glutamine capsules 1000 mg
1227	makita light
1228	warn hs9500i cover
1229	plain patches
1230	b0000ynr4m
1231	stanley
1232	optizin
1233	coleman stoves
1234	boiron
1235	windshirt vest
1236	shop vac hose connector adaptors
1237	rado
1238	dual fuel camp stove
1239	fire escape
1240	pig gifts
1241	alarm doorstop
1242	camp grill
1243	springhose garden
1244	ohio state diploma frame
1245	enzymatic therapy simply milk thistle
1246	router bits
1247	cisco switch
1248	elinchrom d-lite modeling bulb
1249	konica minolta dimage z6 flash
1250	adult toys
1251	leather planner binder
1252	20x7-8 atv tires
1253	dinnerware set made in england
1254	picture frame 16x20
1255	10 inch frypan stainless
1256	white pant patch
1257	hp psc 1210v
1258	mtm case gard
1259	ge personal door stop alarm
1260	post it notes
1261	hp 28 cartridge
1262	christmas sugar bowl
1263	pig stuff
1264	avery labels 8460
1265	lamp shades
1266	cheap picture frames 12x18
1267	bulls street sign
1268	fly rods
1269	king arthur tools
1270	warn m12000 cover 15639
1271	kids blow up pool
1272	time release multivitamin
1273	apollo bulb overhead
1274	big and tall mens clothing
1275	aqua pro pool cover
1276	kool-tek 15-inch oven mitt
1277	safco products 5060 mobile plan center
1278	aluminum scaffolding
1279	tunnel for kids
1280	glutimine
1281	beretta 92 compact holster
1282	yohimbe powermax 2000
1283	light meter
1284	cold pressed castor oil
1285	crystal star
1286	stearns co2 cartidge
1287	luigi bormioli
1288	paint roller pole
1289	photosuite
1290	mens cowboys boots
1291	tiddlywinks game
1292	30374
1293	royal doulton tea set
1294	pads dog crate 18x30
1295	pryamid time cards
1296	pyramid 4000
1297	nikon
1298	yashica t4
1299	usnea herb
1300	chlorophyll tablets
1301	see-thru iron sights scope bases
1302	pfaltzgraf sugar bowls
1303	saw palmetto pygeum
1304	tablecloth 70 x 104 ivory
1305	royal albert old country rose
1306	windchimes
1307	4 inch circular saw blade
1308	padi advanced open water diver manual
1309	poster size frame
1310	legal size photo paper
1311	ariat boots mens square toe black
1312	15amp outlet
1313	t-rex puppet
1314	wild huckleberry jam
1315	yerba prima,
1316	pendant light
1317	artichoke leaf extract
1318	door alarm cheap
1319	portable door stop alarm swege
1320	lacrosse bags
1321	bone china
1322	pig corn on the cob
1323	dog bed 30 x 21
1324	men's creed cologne
1325	gibbs minnow
1326	pig corn
1327	receptacle
1328	gerber multitool
1329	rocky boot
1330	sprinkler wire
1331	bosch rotary hammer
1332	orrefors intermezzo blue flute
1333	camping grill
1334	canon sure
1335	painting rollers
1336	35mm negative archival sheets
1337	gunmaster
1338	f/1.0 lens
1339	warne scope mounts
1340	overhead projector
1341	red iguana heating bulb
1342	amazon office supplies planner
1343	clamp on rod holder adjustable
1344	plastic strips
1345	woodstock encore collection - bronze
1346	blow up child pool
1347	barrel of monkeys
1348	tamora pierce
1349	hp 27 28 ink cartridge
1350	markers for kids scented
1351	binoculars 8x21
1352	dymo business card label
1353	garden springhose
1354	security door alarm
1355	facial cleansing pads
1356	face moisturizer for oily skin
1357	yohimbe solaray
1358	swatches
1359	makita 14.4v battery
1360	kidde fire escape ladders
1361	gold toe socks women
1362	strait line stud finder
1363	b00014duys
1364	pry tool
1365	klien flush cut
1366	coil water hose
1367	wild huckleberry
1368	pyramid 3500 ribbon
1369	brake hone 2 stone
1370	hp28
1371	minnow netting
1372	beauty boutique.com
1373	ty beanie bear
1374	psyllium husk colon cleanse
1375	log splitting axe
1376	55 chevy diecast
1377	lacrosse goals
1378	custom ribbon award
1379	men jacket microfiber
1380	felina modal
1381	recoil water hose
1382	impresora para fotos
1383	silit
1384	primera bravo 53331
1385	hp ink 28
1386	grizzly blades
1387	flag pole
1388	aveena face lotion
1389	1000 piece puzzle gas station
1390	"castor oil"
1391	cologne for men
1392	warne 1" qd mount
1393	stainless flexible turner
1394	lotion face
1395	country life calcium citrate
1396	cordless phone battery-ge 36154
1397	avalon day runner planner
1398	tea sets
1399	()
1400	coleman dual fuel camping stove
1401	pneumatic tools
1402	swatch
1403	creed cologne himalaya
1404	powertec 2 1/2 hose coupling
1405	facial buff
1406	puppy plush
1407	door and window alarms
1408	black dog
1409	alwaysadeal
1410	window ladder fire safety
1411	light bar mounts ford ranger
1412	coastal pet products
1413	black utility shoes for men
1414	free shipping underwear
1415	black lab dog toys
1416	food ricer
1417	fiber husk
1418	ge personal security door stop alarm
1419	072782084608
1420	cisco
1421	oval tablecloth 60 x 120
1422	lisle 10000
1423	ir231
1424	ir 231c impact gun repair kits
1425	primera bravo ink
1426	castor oil 8 ounces
1427	smurf house
1428	billy pot
1429	timberland women boots
1430	diving
1431	silit silargan
1432	mens garnet jewelry
1433	small soldiers toy
1434	yerba husks
1435	circle tamora pierce audible
1436	smoke dried scallop
1437	flush wire cutter
1438	harley vinyl decal
1439	cholorofresh
1440	mouthguard double
1441	clemson party
1442	royal daulton old country roses
1443	upstairs fire escape ladder
1444	sprinkler pop up
1445	good grips
1446	1" sds
1447	streamlight replacment switch
1448	dock edge bumper
1449	ratchet cargo bar
1450	black diamond tent
1451	ariat black boots
1452	christmas dinnerware
1453	elbow support brace
1454	final fantasy figurines
1455	castor oil home health
1456	duel fuel camp stove
1457	homeopathic graphites
1458	face moisturizer
1459	bug-a-salt
1460	rabbit water bottle
1461	cowboy deer boots for men
1462	olympus e1 digital slr
1463	frame 18x27 poster frame
1464	green garden hose
1465	door jammer
1466	router bit 1 4 shank
1467	food mill
1468	one egg pan
1469	53331
1470	thor rawhide mallet size 2
1471	large blow up pool
1472	mini plasma ball
1473	science toys
1474	1 inch qd scope rings
1475	foundue set cast
1476	impact wrench gun
1477	150 watt basking bulb
1478	stearns co2 cartridge
1479	caribsea refugium mineral mud
1480	xlt dickie shirt
1481	1 inch scope ring quick
1482	2nd story fire escape ladder
1483	aveeno face moisturizer
1484	10 saw blade
1485	gilmore replacement part
1486	royal danube pattern china
1487	speed square
1488	pc address label program
1489	artichoke tablets
1490	hoya 80a 77mm filter
1491	buf puf facial sponge
1492	dhea 25mg lifenlink
1493	kokanee tackle
1494	address labels inkjet
1495	refurbished generators
1496	cats
1497	kirschbaum string multi
1498	ginger candy
1499	ty beanie baby my baby bear
1500	l-lysine solgar
1501	haba stacking
1502	hunting boots for men
1503	lglutamine 1000g pills
1504	black lab stuffed animal
1505	beretta 92
1506	orrefors intermezzo blue
1507	center speakers for tv
1508	l glutamine
1509	day timer organizer 7 ring
1510	eheim pump
1511	gadgets for teens
1512	xlt button down shirts
1513	buf-puf regular
1514	vac hose coupler
1515	swatch watch women
1516	1.9 tire foam
1517	6464ni
1518	washable scented magic markers
1519	home health castor oil
1520	camping gifts
1521	mgi photo suite lll
1522	1" sds bit
1523	primera 53331
1524	deruta sugar bowl
1525	cambro 8 qt
1526	mgi photosuite
1527	avery 8160
1528	natures way chlorophyll capsules
1529	tea set
1530	beretta 92fs holster
1531	painting supplies for home improvement
1532	dac sportsafe
1533	bottom cleaning router bit
1534	iron on patches bed sheets
1535	english tea pot
1536	lichen
1537	darth tyranus unleashed figure
1538	kool-tek
1539	mac eye
1540	time card
1541	oil filter strap wrench
1542	1 1/4 inch plasticpegboard j hook
1543	binocular
1544	pig corn holders
1545	fine china dinnerware sets
1546	ingersoll rand impact wrench
1547	30-30 ammo case
1548	wonderbar
1549	organizers for office
1550	fly swatter
1551	tablecloth oval
1552	lawn tools
1553	ir impact
1554	printer ink hp deskjet 3845
1555	robert ludlum audiobooks
1556	mens clemson
1557	heating lamp daytime 75 watts
1558	gardening hose
1559	orrefors
1560	dockers® catalina men's slip-on shoes
1561	marklin z scale track
1562	paint pole
1563	cargo bar
1564	ge door stopper alarm
1565	door stop security alarm
1566	unsea
1567	nec multisync
1568	castrol oil
1569	l glutimine
1570	rv supplies and accessories
1571	creed men cologne
1572	stanley bar
1573	makita ml140
1574	frozen huckleberries
1575	cargo truck bar
1576	100 flyshooter
1577	sony photo paper
1578	noritake ontario
1579	l-glutamine
1580	play structure
1581	crystal champagne flutes
1582	kimber 1911 4 inch leather holster
1583	ladders
1584	pygeum bark
1585	aller aid
1586	post its lined 4x4
1587	1 2 inch impact gun
1588	whole psyllium husk fiber
1589	stainless steel poached egg pan
1590	sds 1 masonry bit
1591	sds-max bits
1592	lisle tools
1593	t-rex hand puppet
1594	winterberry
1595	lisle 10000 brake cylinder hone
1596	harley davidson decals and stickers
1597	kool-tek oven mitt
1598	pfaltzgraff winterberry sugar
1599	gifts for teens
1600	puppy stuffed animal
1601	strap wrench lisle
1602	50mm 1.0
1603	daytimer
1604	woman
1605	astrotheme natal
1606	1" sds drill bit
1607	harley davidson's sticker
1608	puzzles
1609	wheel cylinder hone
1610	imation 42818
1611	mens creed
1612	sticky labels printer
1613	mens dockers shoes size 11
1614	belkin stanley surge protection
1615	kids tunnel
1616	keyboard usb input
1617	miracle mud
1618	laser printer flat scanner
1619	royal albert miranda kerr teapot
1620	dinosaur
1621	heating pad
1622	sony photo printer
1623	oars with oar locks
1624	m.a.c make up
1625	louman quail call
1626	firemagic 11s1s1na
1627	herb pharm usnea
1628	planner agenda binder
1629	tablecloth for oval table
1630	avery reday index extra wide dividers
1631	square styrene
1632	winterberry pfaltzgraff
1633	spatula stainless steel
1634	big r cowboy boots
1635	frames for the posters
1636	make up
1637	moisturizer'
1638	cologne creed
1639	leica m 50mm
1640	huckleberries
1641	tablecloths 70 by 104 oval
1642	panasonic home network
1643	68 x 104 table cloths oval
1644	eight inch cake cardboard
1645	english rose teapot
1646	cake board 8 inch
1647	10 inch 80 tooth saw blade
1648	body mint
1649	coleman powerhouse 414 stove
1650	guns
1651	35mm film sleeve
1652	minolta maxxum flash
1653	ravensburger kitten puzzle
1654	ratchet straps
1655	ravensburger puzzle cats
1656	hone cylinder
1657	floral tea set for adults
1658	air impact wrench
1659	woodstock wind chimes
1660	ge door stop alarm
1661	double h boots
1662	womens lacrosse
1663	lens step up rings 37mm
1664	forstner bits
1665	stanley hammer
1666	l-gutamine
1667	kirschbaum
1668	stuffed animals
1669	router controller
1670	time card ribbon pyramid 3500
1671	dppex50 software
1672	coil hose 50 ft
1673	winter berry sugar and creamer
1674	water bottle guinea pig
1675	bianchi 5 black widow holster
1676	toy tent
1677	whole psyllium husk yerba prima
1678	kal omega 3 lemon 180 mg
1679	mini keyboard
1680	dvi to dvi cable 20 foot
1681	flat bar
1682	timberland boots for women black
1683	router planing bit
1684	tablecloths
1685	haba balancing toy
1686	pyramid 3700 time clock ribbon
1687	receptacle outlet
1688	andis ultraedge 40
1689	prostate health supplements
1690	encore chimes of pluto
1691	bone china tea sets
1692	garden hoses
1693	l glutamine 1000mg
1694	extra wide ready index dividers a5
1695	day planner with card
1696	electrical outlet pack
1697	film sleeves
1698	-corelle -gibson
1699	lancelot 47814
1700	smell marker
1701	macroalgae
1702	mildly wild bbq sauce
1703	exo terra sunglo 150w
1704	oval tablecloth wide width
1705	decaf assam harney & sons
1706	quail hunting call
1707	training gear
1708	ge alarm doorstop
1709	camping equipment
1710	daily face moisturizer for oily skin
1711	dymo labels 30374
1712	labels inkjet
1713	lp4 to 2x sata power y-cable
1714	pewter cabinet knobs
1715	moen kingsley towel bar brushed nickel
1716	rotiserie basket
1717	air wrench
1718	noritake ontario china
1719	oxo good grips® fish turner
1720	backyard goal
1721	drill bits
1722	vitamin c 1500
1723	kal probiotics
1724	jamar oven mitt
1725	grill companion corn
1726	colman stoves
1727	fire mask
1728	mtm 50 round green
1729	door pulls
1730	bianchi holster beretta
1731	door stop alarm
1732	dewalt
1733	labtec headphones
1734	30" crate mat
1735	coloring markers
1736	winterberry cream and sugar
1737	dog crate pads 30 x 18
1738	bose vcs-10
1739	pneumatic impact driver
1740	the vitamin shoppe
1741	mtm ammo box 30-06
1742	3700 time clock
1743	orange chutney
1744	flopsie
1745	mac eyeshadow
1746	fire safety ladder
1747	hanging blue print file
1748	vca-10 bose center speaker
1749	brick trowel
1750	gasoline stove
1751	stainless egg poacher
1752	refugium mud
1753	coil drinking water hose
1754	solaray pygeum & saw palmetto
1755	extech nist light meter
1756	genger candy
1757	emergancy fire ladders
1758	caster oil
1759	lisle brake tool
1760	shirts xlt
1761	dinnerware vera wang
1762	avery 8460 labels
1763	sheet dividers with tabs
1764	psyllium husk
1765	52 i
1766	ford ranger brackets light bar
1767	harsh
1768	boating bug repellant
1769	saw palmetto capsule
1770	barbie stuff for dolls
1771	sk 13s
1772	dog digestive enzymes
1773	cold pressed castor
1774	bianchi model 5
1775	24 inch long valances red
1776	winterberry china creamer
1777	9 side pyramid
1778	warne 200lm
1779	mens short sleeve windshirt
1780	bottle stoppers
1781	iron on pants patch white
1782	enzamatic therapy milk thistle
1783	artichoke extract
1784	t rex hand puppet
1785	rocky 6114 11 m
1786	white electrical outlets
1787	socks navy blue
1788	sontava habanero xx hot sauce
1789	ingersoll rand
1790	sugar-creamer set
1791	solgar l-lysine
1792	hoya 77 mm
1793	megamix
1794	labrador stuffed animal
1795	devita toner
1796	pedrini wine
1797	50' garden hose
1798	oven mitt
1799	castor oil for hair
1800	roller handle
1801	8 inch cardboard cake round
1802	binocular 8x21
1803	fondue set cast
1804	kool-tek nomex
1805	water bottle for rabbits
1806	20 foot dvi cable
1807	belt strap wrench
1808	olympus projector
1809	chlorfresh
1810	pyrimid time clock
1811	brushed nickel towel bar
1812	fun accessories
1813	folkmanis puppets
1814	whole husk psyllium
1815	avery labels
1816	air impact gun
1817	sata adaptor power cable
1818	count dooku action figure
1819	fish tank shark decoration
1820	lacross sticks
1821	stuffed dogs
1822	in floor safe
1823	scientific american
1824	royal albert teapot
1825	san jamar kool tek
1826	lakers framed
1827	stanley pry bar
1828	polypropylene oil filter wrench
1829	sds drill bits
1830	elbow support
1831	shop vac 2.5 accessories
1832	furl a
1833	wind chimes neptune
1834	solgar l lysine 500mg
1835	hotel door lock
1836	creed cologne for men
1837	l glutamine jarrow
1838	metal spring spatula
1839	j-hooks for pegboard
1840	sherry glasses
1841	nars concealer
1842	sound bar
1843	klein flush wire cutters
1844	shooting accessories
1845	axes and mauls
1846	murder mystery dinner party game
1847	clemson tigers banner
1848	quail calls
1849	shop vac hose coupler
1850	cyclone
1851	boat cooler tie down
1852	chlorophyll capsules
1853	fiber
1854	11x14 photo paper
1855	puf
1856	pyramid 3700 ink cartridge
1857	concealer nars
1858	castor oil 8 oz
1859	copper sprinkler
1860	flat concealer brush
1861	fondue pot red
1862	citronella cat repellent
1863	file cart
1864	silymarin
1865	lacrosse nets
1866	organic castor oil
1867	pygeum saw palmetto
1868	corkscrew
1869	christmas sugar and creamer set
1870	streamlight stinger button 25170
1871	aller-aid
1872	fondue red
1873	digestive enzymes for cats
1874	oven mitts 550 degrees
1875	fresh huckleberries
1876	74mm harley davidson stickers
1877	saw palmetto supplements
1878	dinosaur puppet
1879	coleman powerhouse stove
1880	security system
1881	cream and sugar set with mugs
1882	warne 1 inch low scope rings
1883	day timer organizer 8.5 x 11
1884	saw palmetto and pygeum
1885	fish tank shark decor
1886	f1d084
1887	tova
1888	molex to sata
1889	xlt dickie shirt charcoal
1890	kids washable scented markers
1891	harley davidson car decals
1892	cooler tie down
1893	cardcaptor sakura
1894	gps
1895	chlorafresh
1896	fun gadgets
1897	duplex outlet
1898	elinchrom modeling lamp
1899	prybars
1900	nylon tow rope 2.5x25
1901	quail call
1902	hammer bit
1903	skill table saw
1904	havarti cheese
1905	shop vac hose 2.5
1906	country roses china
1907	cylinder hones
1908	nasal polyps
1909	frontier spices
1910	hp ink cart 28
1911	assorted bypass tools
1912	himalaya creed
1913	hp 27 28 combo ink cartridges
1914	cyclone elixir
1915	stuffed black dog
1916	calcium for bearded dragons
1917	the circle tamora pierce audible
1918	truck light bar
1919	harley sticker
1920	sony cameras
1921	m15000 warn winch
1922	psylium husk
1923	pig corn holder
1924	pelican led
1925	bosch sds max bits
1926	garfield
1927	movie magic scheduling
1928	dymo appointment card labels
1929	089836184252
1930	oval table cloth
1931	steel toe man boots
1932	country life choline-inositol-complex with pantothenic acid
1933	sontava habanero hot sauce
1934	pyramid 3700 ink
1935	men's shorts
1936	pole extension
1937	teen gadgets electric
1938	koolyek
1939	harley davidson license plate
1940	digital analog trainer
1941	sherry
1942	knobs
1943	bose vcs-10 center channel
1944	10 table saw blade
1945	ir impact gun
1946	sandisk wifi
1947	white exterior porch light fixtures
1948	ml140
1949	12x18 rail frame
1950	grizzly bandsaw
1951	tire dressing applicator pad
1952	rotisserie basket
1953	motorola camo walkie talkies
1954	ricer food mill
1955	participant ribbon
1956	qbx
1957	flambeau wood quail
1958	smoked scallops
1959	grill basket rotisserie
1960	avery binder dividers
1961	clamp on rod holder
1962	leviton
1963	pocket thesaurus
1964	buff puff facial sponge
1965	white outlets pack
1966	crimping tool
1967	robert ludlum
1968	21mm 12 point socket
1969	trex hand puppet
1970	stuffed puppy
1971	white denim patch
1972	huckleberry frozen
1973	mens skechers shoes 8
1974	dymo appointment cards
1975	impact
1976	chimes
1977	rocky work boots for men
1978	glutamine capsule 1000mg
1979	quail calls for hunting
1980	fax machine
1981	ty bears
1982	25amp rectifier bridge
1983	organic molasses
1984	hp 28
1985	generators
1986	usnea lichen
1987	corona tools for garden
1988	vera wang blanc sur blanc
1989	uva ursi
1990	hp 27
1991	extension pole
1992	gold toe socks'
1993	docker loafers for men
1994	claw bar
1995	saw pametto and pygeum
1996	styrene rod
1997	zinc orotate
1998	coffee syrups
1999	air impact wrenches
2000	040647004078
2001	ammo box
2002	enzmatica simply milk thistle
2003	walk board
2004	mcdavid elbow brace
2005	fire cider tonic
2006	nikon dk-20c
2007	pistol safe
2008	door lock
2009	alpha industries
2010	lizard treats
2011	graphites 30c
2012	oxo
2013	hide me play tent
2014	guinea pig water bottle no drip
2015	vitamin shoppe vitamin b complex 100
2016	zip off sleeve golf jackets
2017	poster frames
2018	painting supplies extension
2019	doll wheelchair
2020	keyboard trackball
2021	30-06 ammo box
2022	poster frame 16 x 12
2023	hush puppies women
2024	black stuffed dog
2025	oxo cookie spatula
2026	ford ranger lightbar mounts
2027	pelican marine mini flashlight
2028	under $1
2029	thongs
2030	wok
2031	girls lacrosse
2032	food mil
2033	coleman camping stove
2034	spring waterhose
2035	makeup
2036	colman camp stove
2037	equestrian apparel
2038	fire extinguisher
2039	creed cologne for men himalaya
2040	wood carving circular saw
2041	facial scrub pad
2042	harley davidson decals
2043	monin syrup
2044	platzgraff winterberry
2045	8 tab sheet protector with index
2046	dolls for girls
2047	in dash plate
2048	count dooku
2049	see through scope rings
2050	no show socks
2051	aveno facial moisturizer
2052	door security bars
2053	grinder disc and chain
2054	waypoint magnetic phone charger
2055	warne 614m
2056	mosquito magnet
2057	hvac tools
2058	sugar bowl set
2059	duel fuel stove
2060	elbow brace for tendonitis
2061	scope mounts remington 700
2062	slicon puf
2063	graphites
2064	post it notes with lines
2065	camping stove gas
2066	clemson garden flag
2067	aveeno face
2068	facial moisturizer
2069	hp 3520 ink replacement
2070	oxo stainless flexible turner
2071	guinea pig water bottle 16 oz
2072	binder tabs extra wide
2073	quick detach scope rings, 1 in
2074	belkin cat6
2075	pysillum husk
2076	scented
2077	tolo toys
2078	starter 5.0 mercruiser by sierra marine
2079	winter berry cream and sugar
2080	best blank vhs tapes
2081	ribbon mpdel 3500 3700 4000
2082	quoizel tf1536vb vintage bronze tiffany
2083	l-glutamine 1000mg
2084	food mills stainless steel
2085	truck bed cargo bar
2086	lebensmittel
2087	westin 30-0025 light bar mount kit
2088	nail remover
2089	sony dpp-ex50
2090	organic castor oil packs
2091	stonewashed bib overslls
2092	potato ricer
2093	ink cartridge 53331
2094	liver
2095	hoberman discover dome nature
2096	danner canadian boots
2097	stanley tools
2098	swivel sinkers
2099	pyramid 3700
2100	madelein pan gobel
2101	makeup mac cosmetics
2102	austin air cleaners
2103	transfer paper for patches
2104	aveeno spf and salicylic
2105	patch transfer
2106	decal harley davidson
2107	glossy printer paper 11 x 14
2108	zip code lookup
2109	oval tablecloths 60 x 102
2110	markers that smell
2111	pistol gun safe
2112	playmobile kings
2113	nikon correction eyepiece
2114	extra wide dividers for sheet protectors
2115	men's loafers dockers
2116	winterberry dinnerware
2117	lisle strap wrench
2118	quail
2119	black stuffed dogs
2120	impresora de fotos
2121	band saws for woodworking
2122	mcdavid elbow sleeve
2123	nylon panties
2124	ulnar nerve
2125	alarm system
2126	ingersoll rand 1/2" impact
2127	l glutamine 1000
2128	cookie turner
2129	science gadgets
2130	pneumatic impact wrench
2131	1911 barrel
2132	hazelnut coffee syrup
2133	ea31
2134	deep wind chimes
2135	monodea
2136	gerber multitool carbide
2137	avery print labels (#8460)
2138	ariat boots mens ats
2139	fly gun shooter
2140	coleman dual fuel stove
2141	computer power supply sata
2142	coleman 414
2143	leather holster 1911
2144	ncaa ohio state diploma frames
2145	oregon health aller-aid
2146	coleman 413
2147	lacrosse
2148	8 cake board
2149	kiddie blow up pool
2150	30.5 filter
2151	intruder deterrent
2152	cds recordable 100 pack
2153	500 piece puzzles ravensburger cat
2154	urban outfitters
2155	danner boots
2156	hp 1209 ink cartridges
2157	fish tank shark decorations
2158	wall outlet
2159	vision integrator
2160	040647001831
2161	bella viva orchards walnuts
2162	barn door pull
2163	freud 1 3 4 straight bit
2164	water hose 3/8"
2165	minnow seine
2166	charles river short sleeve wind shirts
2167	hush puppies women shoes
2168	wrestling mouth guard braces
2169	boiron graphites
2170	foldable lacrosse goal
2171	my generation doll
2172	hadley pottery
2173	nikon d5200
2174	jerzees muscle shirt
2175	chlorofresh 90
2176	stainless steel
2177	aurora lab
2178	king arthur's tools files
2179	digital photo printer
2180	impact wrench
2181	enx 82v 360w
2182	wall socket
2183	oxo large turner
2184	window curtains 24 inches long
2185	kitchen gadgets ricer
2186	cambro 8 quart
2187	1911 leather holster
2188	dog tie out chain
2189	frendt favorit 926 vario
2190	b0000aho8v
2191	gerber bluntnose multitool
2192	black labs stuffed animal
2193	pig grill
2194	citronella spray
2195	shop vac hose extension
2196	solaray pygeum
2197	maccosmetics
2198	cabinet knobs
2199	canon camcorders
2200	blow up pool deep
2201	double h zip
2202	waterproof iron on patch
2203	egg poacher
2204	8460 labels
2205	defeet aireator d-logo black
2206	wd1200jb
2207	ruger warne
2208	coleman stove
2209	glue trowel
2210	fish spatula metal
2211	oxo cookie
2212	2 trim brush
2213	antenna vhf
2214	smelling markers for kids
2215	window ladder
2216	petmate dog beds
2217	mac makeup primer
2218	f/1.0
2219	warn m15000 winch
2220	rotisserie basket for grill
2221	8.5 x 14 photo paper
2222	monin syrup 750ml
2223	bravo 2 ink
2224	pen
2225	8" cake board
2226	ravensburger puzzle 500
2227	austin air healthmate plus
2228	barbies for 8 year old girls
2229	woodstock wind chime
2230	large dolly for moving
2231	black frames for posters 18x18
2232	travel door safety
2233	gluitmine
2234	ace elbow brace
2235	minolta autofocus lens
2236	ingrrsoll rand 231c
2237	sina ginger candy
2238	rockys boots
2239	150w basking lamp
2240	face scrub pad
2241	winch cover
2242	dymo 30374
2243	50mm f1.0
2244	b0002sd3uo,
2245	shop vac hose adapter
2246	daytimer binders
2247	low scope rings
2248	door alarm travel
2249	sata adapter
2250	modal
2251	miele upright vacuum
2252	iron on patches for sheets
2253	b000071adg
2254	escaoe rope
2255	copper wind chimes
2256	maxell cd-r pro
2257	50mm f.1.0
2258	wind chimes woodstock
2259	charles m russell indians hunting buffalo
2260	punch time cards 7 days
2261	camping stove
2262	frames
2263	primera ink cartridge 053331
2264	facial sponges cleansing
2265	door arlarms
2266	elbow pads
2267	stuffed labrador retriever
2268	usnea herb pharm
2269	kids bed tent
2270	appliance parts deal
2271	men's garnet rings
2272	cooking turner
2273	noctilux
2274	wine stopper
2275	epson photo paper 11x14
2276	pelican flashlight
2277	psyllium husk fiber
2278	panties for women
2279	fish tank ornaments
2280	primera ink
2281	sonava hot sauce
2282	warn 12000 winch cover
2283	the beginning bear
2284	seine net
2285	cargo storage bar
2286	streamlight replacement switch
2287	harley davidson sticker
2288	lax cage
2289	z scale train tracks marklin
2290	dvd player headphone splitter belkin
2291	address labels 8460
2292	3.6v 700mah ni-cd battery
2293	adventures in diving manual
2294	edsyn fxf11
2295	qd scope mount
2296	warn cover
2297	aquarium shark decorations
2298	makita battery
2299	saw palmetto
2300	windchimes deep
2301	dockers loafers men
2302	barbie generation girl
2303	photo paper 11x14
2304	plush dog
2305	brake hone
2306	mcdavid elastic elbow
2307	water bottles for guinea pigs
2308	portable door lock
2309	pfaltzgraff winterberry sugar and creamer set
2310	minolta flash
2311	ariat heritage black
2312	trackball mouse
2313	castor
2314	db25 connector kit
2315	sata power cable 1 foot
2316	harley davidson decal
2317	alarm door stopper
2318	dhea 25mg life link
2319	avery mailing label inkjet
2320	enduring word
2321	wheelchair for barbie dolls
2322	shark fish tank
2323	pyramid 4000r
2324	replacement bulb for apollo concept 2250
2325	sk 3/8 socket metric 6 point
2326	2 sata y cable
2327	aveeno clear
2328	bolo tips
2329	dvi cable -vga -hdmi
2330	samsung microwave glass plate
2331	sweet basil
2332	vacuum hose
2333	deep inflatable pool
2334	adesso ack-5010ub mini keyboard
2335	native american
2336	door security
2337	electrical outlet white grounded
2338	rapala sinking
2339	minolta 3500xi
2340	plush dog black
2341	armstrong tool
2342	harley davidson stickers for car
2343	58 mm circ polarizer filter
2344	monin
2345	cafe du monde coffee
2346	iguana light
2347	keyboard with trackball mouse
2348	makita flashlight
2349	hose nozzle
2350	usnic acid
2351	garden hose
2352	castor oil organic
2353	vcr vhs tapes
2354	hp ink black 27
2355	country life calcium
2356	wood stock chimes
2357	"food mill" stainless steel
2358	gold toes womens socks
2359	cflex
2360	playland
2361	markers
2362	timberland
2363	coil garden hose
2364	psyllium whole husks yerba prima
2365	kitchen curtains
2366	thong women
2367	aveeno
2368	facial buff pads
2369	dockers catalina men's slip-on shoes
2370	salicylic acid lotion
2371	22 ring
2372	wind chimes deep tone
2373	leica noctilux f0.95
2374	barbie wheelchair
2375	cooler tie down straps
2376	lacrosse net 6x6
2377	monitor 15"
2378	dymo labels
2379	8 cake circles
2380	9 yr old girl toys/barbie
2381	whole psyllium husk
2382	8inch cake circle
2383	organic molasses candy
2384	egg poachers
2385	galco holsters for 4 inch 1911
2386	landrover discovery 2
2387	2x sata power splitter adapter cable
2388	sgnl
2389	flamingo modeling lights
2390	11x14 epson photo paper
2391	citronella dog repellent spray
2392	good grips oxo
2393	pfaltzgraff
2394	gabriel cosmetics
2395	pyramid time clock 3500
2396	culligan water pitchers
2397	104" oval tablecloth
2398	solaray heart blend sp-8
2399	55 chevy bel air model
2400	leader hose
2401	mouthguard for braces
2402	cookware set
2403	adjustable torque air wrench
2404	bivy tent
2405	oxo good grips large flexible turner
2406	steel toe boots men
2407	camping accessories
2408	stainlesss steel egg poacher
2409	aveeno positively radiant daily moisturizer
2410	leviton receptacle
2411	gilmore spray pump parts
2412	beretta 92 holster
2413	day planner with credit card holder
2414	sata 3 cable
2415	best egg poacher
2416	portable door security device
2417	wedgwood
2418	-2 diopter
2419	ws ftp pro
2420	àudio books
2421	colman camp stoves
2422	lego soccer set
2423	demo labels
2424	memorex white cd finish. labels
2425	lisle 15000 cylinder hone
2426	silver binoculars
2427	four paws harness xs
2428	time cards
2429	shop vac adapter
2430	blue wedges
2431	devita skin care toner
2432	hp ink cartridges 27
2433	extech ea31
2434	home safety
2435	egg poacher pans
2436	hanging door alarm
2437	water markers for kids
2438	gerber multi-tools
2439	oars
2440	modal thong
2441	6 tab binder
2442	clemson tiger flags
2443	elbow support sleeve
2444	shish kabob baskets
2445	elbow sleeve
2446	gerber multitool military
2447	lens filter
2448	gamble quail call
2449	nars makeup brushes
2450	play cube mirror
2451	pygeum and saw palmetto supplements
2452	c 1500 vitamins
2453	sds max drill bits
2454	fire ladder
2455	armstrong tools
2456	alarm for door
2457	folding lacrosse goal
2458	bose center channel speaker
2459	nurse mate shoes
2460	leica notilux
2461	bulova marine star watch ladies
2462	reader rabbit toddler
2463	menss xlt shirts
2464	landlord organizer
2465	lamp shade
2466	bcaa for men
2467	shark ornament
2468	tools
2469	women's gold toe anklets
2470	extech ea31: easyview light meter
2471	food mill stainless steel
2472	kids play tent with tunnel
2473	ultralink
2474	wheelchair barbie
2475	all clad egg poacher
2476	camera
2477	down under saddle supply
2478	avery 5160
2479	graphite homeopathic
2480	guinea pig water bottle
2481	ingersoll rand 244a
2482	5142 masking tape
2483	hp psc 1315 ink cartridge
2484	black dog plush animals
2485	blue point socket set
2486	shrub nozzle 180
2487	l glutamin by jarrow
2488	travel gadgets
2489	10 chop saw blade
2490	folkmanis puppet
2491	flat pry bar
2492	merical mud
2493	cargo holders
2494	office depot 8460
2495	nickel cadmium rechargeable batteries general electric
2496	bbq stuff
2497	rotissarie basket
2498	shark replacement parts
2499	bottle stopper airtight
2500	glutimine pills
2501	extrawide avery dividers
2502	aveeno clear complexion
2503	thomas lego
2504	impact gun
2505	pyramid technologies 3700 ink
2506	sds max core
2507	pyramid time cards form 35100-10
2508	fire window ladder
2509	vhs blank tapes
2510	ge cordless phone battery tl26154
2511	sugar & creamer set
2512	chicago bulls signs
2513	crawbar
2514	iron on patch
2515	faulks quail call
2516	mac cosmetics okra eyeshadow
2517	spindle sander
2518	lysine
2519	rope ladder emergency
2520	aveeno face lotion
2521	smelly markers
2522	girls toys barbie
2523	physillum husk
2524	boiron graphite
2525	heart massager
2526	ba designs
2527	swege
2528	fish aquarium ornaments
2529	minota af70-210
2530	stanley hatchet
2531	f1.0
2532	glossy 11x14
2533	11 x 14 photo paper glossy
2534	planner ring binder
2535	hartz parrot food
2536	crock for animals
2537	ammonia detoxifier
2538	hp 28 ink cartridge
2539	binocular olympus
2540	imported cheese
2541	slim padfolio
2542	painters pole
2543	1 2 inch router bits
2544	sheetrock outlet box
2545	negatives storage
2546	dryer cord
2547	sweet basil leaves
2548	prybar
2549	binder table of contents tabs
2550	sds max hammer bit
2551	pistolas de impacto
2552	participation ribbons
2553	contractor pole
2554	refugium substrate
2555	small silicone spatula oxo
2556	homeopatia
2557	150w reptile bulb
2558	strap wrench
2559	8-tab contents index
2560	usnea barbata
2561	usnea
2562	womans navy turncuff socks
2563	pyramids
2564	planner holder
2565	label 8460
2566	dymo® 30374 labelwriter appointment/business cards
2567	kids gadgets
2568	scope rings remington 700
2569	tubing for ro system
2570	automotive decals harley davidson
2571	monolight bulb
2572	light bar for ford ranger
2573	ricer
2574	photo paper 11 x 14
2575	washable markers
2576	contax t2
2577	dog stuffed animal
2578	barbie becky in a wheelchair
2579	spatula
2580	mcdavid 488 elbow sleeve
2581	olympus binoculars 8x21
2582	poster frame 12x18
2583	lglutamine
2584	underwear women
2585	contractors pole
2586	folkmanis dinosaurus
2587	decal
2588	2 1/2" hose coupling shop vac
2589	pocket repair
2590	outlet receptacle
2591	bone china tea pot
2592	truck cargo bar
2593	bolo ties
2594	black labrador stuffed animal
2595	pacific play kids playhouse
2596	lp4 to sata power cable
2597	liquid gas stoves
2598	clemson flag
2599	advanced open water padi
2600	how to host a murder
2601	vhs tapes blank
2602	kool tek oven mitt
2603	pfaltzgraff winterberry cream abd sugar
2604	12 x 18 poster frame
2605	household gadgets
2606	outlet electrical
2607	30.5 37mm step up ring
2608	petmate kennel pad
2609	sontava hot sauce
2610	lingerie
2611	huckleberrys
2612	toys markers
2613	wood oar
2614	330 ft deer net
2615	mini wonderbar
2616	qpaq-x
2617	emergency supplies
2618	escape ladder
2619	home speaker switcher
2620	sk metric socket set
2621	olympus roamer 8x12 dpc
2622	food mills
2623	zipper binder with planner
2624	using access databases with websites
2625	colman stove
2626	spatula turner
2627	coleman power house 414
2628	flare gun
2629	wheelchair barbie doll
2630	shoes for women
2631	last minute christmas gifts
2632	dog kennel pad 30x18
2633	rope ladders fire escape use
2634	ge wedge door stop
2635	women's swatch watches
2636	brake adusting tool
2637	final fantasy x and x2
2638	soccer goalie practice
2639	rj45 filters
2640	tissot watches
2641	sata y cable
2642	model dog made of resin
2643	rope ladder escape
2644	elbow compression sleeve
2645	gerber mp 600
2646	iron on patches
2647	land rover discovery 2 accessories
2648	tohatsu hub
2649	time clock ribbon 4000r
2650	indoor outdoor tent and tunnel
2651	b00026czby
2652	office binder organizer
2653	soccer lego
2654	pudding
2655	fondue pot cast iron
2656	m.a.c eyeshadow
2657	primera bravo ii ink
2658	warne maxima rings
2659	diagonal pliers
2660	fondue pot set
2661	yohimbe capsules
2662	rosle
2663	ebay game
2664	san jamar oven
2665	32ff
2666	outlet pack
2667	madeleine pan
2668	bug gun
2669	seine net -ranger
2670	spiral hose
2671	okidata printer
2672	2 story
2673	plasma ball
2674	quial call
2675	cholorphyll
2676	warn winch covers
2677	mailing labels
2678	animal corn holders
2679	maxell 48x write-once cd-r
2680	oxo good grips stainless steel
2681	6x6 lacrosse goal
2682	yashica t 3
2683	fish tank shark
2684	center channel speaker
2685	paint roller extension pole
2686	fleischmann
2687	mac cosmetics
2688	sun bulb
2689	basking bulb 150w
2690	12x18
2691	black zipper planners
2692	klein pliers
2693	olympus roamer 8x21
2694	fondue set red
2695	wheelchair for barbie
2696	2 story fire ladder
2697	solder fume extractor
2698	clemson
2699	therapy swing
2700	zinc monomethionine 30mg
2701	wedgwood vera
2702	tablecloth oval -oblong
2703	xlt mens shirts
2704	small animal water bottle 16 ounce
2705	white sox picture frame
2706	boning knife
2707	moisturizer for oily face
2708	cosmetics mac
2709	mini pry bar
2710	j hooks for pegboard　
2711	coleman tent
2712	compression elbow sleeve
2713	coleman 2 burner stove
2714	nail puller tool
2715	b0001duu0g
2716	modern outdoor sconce
2717	electrical outlets
2718	mens shirts
2719	outdoor wind chimes
2720	belkin audio splitter
2721	sorby corner
2722	2" hone brake
2723	creed himalaya for men
2724	home health products castor oil
2725	electrical outlet
2726	dividers tab extends beyond sheet protectors
2727	stuffed animal black lab
2728	primera 05331 black ink cartridge
2729	coleman 2 burner camp stove
2730	gamehide gloves
2731	pygeum
2732	stainless steel food mill
2733	digestive enzymes for dogs
2734	buf puf facial sponge regular
2735	bbq thermometer
2736	face buff
2737	power strips with surge protector
2738	wool flannel for castor oil
2739	champagne flutes
2740	dymo non adhesive appointment business cards
2741	solaray pygeum and saw palmetto
2742	avery 11163
2743	kids dome tent
2744	painting
2745	oval tablecloths
2746	dinosaur hand puppet
2747	wet vac hose coupling
2748	35100-10
2749	stove
2750	boxing mouthguard double
2751	kool tek bra
2752	scented markers
2753	cotton clothesline
2754	egg poaching pan
2755	adesso mini ack-5010ub
2756	becky barbie
2757	clemson tigers
2758	house escape ladder
2759	8 cake rounds
2760	wind chimes large outdoor deep tone
2761	nars brushes
2762	s041466
2763	aveena face cream
2764	rod holder
2765	fun gadgets for adults
2766	luigi bormioli renoir glasses
2767	crow bar
2768	bone china sugar and creamer set
2769	scented markers alex
2770	men xlt button down
2771	my generation doll accessories
2772	1.9 tires 4
2773	pegboard j hooks
2774	creed men's
2775	leap frog learning band
2776	flash bulbs for mononlifhts
2777	skechers men confort
2778	streamlight
2779	final fantasy figurine
2780	bravo 2 black ink cartridge
2781	stereo headphones
2782	chicago bull street sign
2783	silit cleaner
2784	vera wang five piece
2785	lisle brake hone
2786	best egg pan
2787	number one rated frying pan
2788	taz ornament
2789	streamlight stinger button
2790	30-06 ammo case
2791	pry bars
2792	hp inkject 27
2793	amana 49512
2794	snap on stubby wrenches
2795	stuffed lab
2796	sun lamp
2797	pyramid 3500 time clock ribbon
2798	vanity fair soft essential
2799	noctilux 1
2800	l-glutamine jarrow
2801	blank vhs tapes for recording
2802	sony dpp ex50 photo printer
2803	ave8460
2804	shop vac accessories
2805	luminarc glasses
2806	basil leaves
2807	30-06 ammo
2808	twist lock threaded extension pole
2809	nail puller
2810	6-1/2' oars
2811	binder dividers wide
2812	lenox laurel leaf
2813	personal safety alarms
2814	shark for fish tank
2815	molex sata
2816	1911 holster
2817	rv accessories
2818	home escape ladder
2819	tablecloths for oval tables
2820	fume extractor
2821	panasonic 800x digital zoom film
2822	wireless ethernet bridge
2823	alphacam software
2824	tools corona
2825	countryrose
2826	action labs
2827	form card
2828	royal tea set
2829	cd r
2830	speaker switcher
2831	delta disc sander
2832	bunny cage
2833	womans navy blue socks
2834	plush black lab
2835	duvet cover
2836	small soldiers toys
2837	negative 35mm storage
2838	tire dressing
2839	living fuel
2840	weber rotisserie
2841	double h boots mens
2842	kids play tent
2843	9 year old girl toys
2844	folkmanis dinosaur puppets
2845	aveeno face cream
2846	padi adventures in diving
2847	air gun
2848	graphites homeopathy
2849	alphacolor chalk
2850	10 inch saw blades
2851	15 amp duplex outlet
2852	hp 28 and 56 cartridge
2853	50 foot coil hose
2854	floral teapot sets for adults
2855	walk plank
2856	shark tank products
2857	pyramid 4000 time clock
2858	bronze
2859	womens thong panty
2860	guinea pigs water bottle
2861	day timer
2862	simply milk thistle
2863	cold pressed castor oil organic
2864	sugar and creamer set
2865	4/0 treble hooks
2866	face moisturizer for dry skin
2867	women clothing
2868	b00006ibfu
2869	power strips
2870	old country rose
2871	pig kitchen
2872	hp 27 ink cartridge
2873	gamehide
2874	egg poacher amazon
2875	pyo2lp4sata
2876	watches
2877	eclectic institute arctostaphylos uva ursi
2878	yerba prima psyllium husks powder
2879	poster frame
2880	airsoft guns
2881	mcdavid sleeve
2882	lifestride pump
2883	can you imagine mini plasma
2884	maxxum si
2885	car stickers and decals
2886	stuffed dog
2887	aveeno moisturizer
2888	house painting extension pole
2889	mac makeup products
2890	buff puff face sponge
2891	pyramid 4000 ribbon
2892	shad rap crankbait
2893	vitamin shoppe b complex prime
2894	cabinet hardware
2895	dockers mens catalina
2896	psyllium organic
2897	maul
2898	hp black ink 28
2899	spring hose garden
2900	my generation barbie
2901	royal albert country roses
2902	washable smell markers for kids
2903	die cut decals
2904	women's thong
2905	leica 42.5 f1.2
2906	router mega planing bit
2907	avery labels 5160 inkjet
2908	jet ski transom straps
2909	ultraedge blades 40
2910	shark ornament for fish tank
2911	smurf figurines
2912	country rose tea set
2913	dac
2914	kids gifts by age
2915	royal doulton 3 piece tea set
2916	chlorophresh
2917	stopper for wine bottle
2918	impresora de fotos de celulae
2919	window fire escape ladder
2920	primera 053331
2921	best center speker
2922	extension pole painting
2923	bearded dragon vitamins
2924	very blank tapes
2925	receptical
2926	oven mitts
2927	binoculars
2928	overhead projector bulb
2929	avery 5160 ink jet
2930	b-complex vitamin shoppe
2931	sticky note, 4x4-inch
2932	carpentry tools
2933	smell markers
2934	winterberry dishes
2935	rabbit water bottle large
2936	taladro de impacto
2937	kitchen knobs
2938	apple watch 1 4mm
2939	ingersoll rand 231c impactool
2940	tool to measure foot candle
2941	bose bass wire for speakers
2942	telephone batteries panasonic 26154
2943	calendar and credit card holder organizer
2944	hexane free castor oil
2945	parsley flakes
2946	mac shadow
2947	psyllium husk powder
2948	wall receptacle
2949	sony picture station dpp fp90
2950	fly scatter gun
2951	chlorofresh softgel
2952	clocks
2953	burdock root shampoo
2954	deep kiddie pool
2955	ting ting jahe ginger candy
2956	freid 12-194
2957	red fondue set
2958	leupold qrw
2959	toy bear blue
2960	bose vcs 10 center speaker
2961	pt140 color
2962	egg poacher stainless steel
2963	leviton outlet
2964	blue point tools
2965	remmington 722 scope rings
2966	pcv elbow
2967	tea service
2968	camp stove
2969	safco 5060
2970	golf shirts
2971	fire escape rope ladder
2972	castrol oil for hair growth
2973	san jamar
2974	makita replacement battery 14.4v
2975	eheim
2976	old country roses royal albert
2977	dvi single 20 ft
2978	vhs tapes for sale
2979	coupling hose for 2008 audi a4
2980	hide tanning supplies
2981	helio pan graduated nd filter 77mm
2982	cat repellent spray
2983	thinsulated shooting gloves
2984	diploma frame
2985	security door wedge
2986	andis show edge blades
2987	marples chisels
2988	b000087l9j
2989	ford ranger light bar mounts
2990	brush for nars
2991	b complex
2992	huckleberry products
2993	candy
2994	streamlight stinger button replacement
2995	ez crock
2996	avery extra wide ready binder
2997	buf puff facial
2998	charcoal companion corn
2999	lacrosse bag
3000	ricer, strainer, masher
3001	oxo good grips steel turner
3002	planner binder 8.5 x 11
3003	clemson house flag
3004	katchall oven mitt
3005	oyster knife
3006	gadgets for kids
3007	galco 1911 4" holsters
3008	husk
3009	cambro plastic storage containers
3010	safco plan rack
3011	atv tires knobby
3012	personal door alarm
3013	balance scale for kids
3014	fountain pen
3015	taladro
3016	borland
3017	harley davidson stickers
3018	pantothenic acid country
3019	star wars unleashed dooku
3020	harley davidsonstickers
3021	kidde
3022	hot sauce sontava
3023	canon optura
3024	maxxum program flash
3025	ingersoll rand impact
3026	hose
3027	woodstock chime
3028	elastic elbow brace
3029	stuffed animals dog
3030	computer speakers
3031	aveeno moisturizer for face
3032	aveno moisturizer for face
3033	flush pliers
3034	barbie school
3035	pyramid 3500
3036	zinc monomethionine
3037	foley food mill
3038	paint roller handle
3039	warne rifle mount
3040	panties women
3041	table of contents dividers
3042	blue bear stars beanie baby
3043	tent and tunnel
3044	yerba prima: psyllium
3045	grizzly tools woodworking
3046	corner chisel wood
3047	pima cotton socks for women
3048	samsung microwave oven turntable
3049	leica 50mm
3050	pig corn on the cob holders
3051	grape vine shear
3052	rifle scope
3053	deskjet 3745 ink color
3054	shop vac
3055	parsley
3056	organic breath mints
3057	dickies xlt shirt
3058	safety ladder
3059	sds bits
3060	4x4 colored post its
3061	telescope nikon
3062	olympus dpc1
3063	commander elite action figure
3064	facial daily moisturizer
3065	cast iron fondue set
3066	wide womens pumps
3067	10 inch carbide saw blade
3068	sander
3069	sandisk wireless connect
3070	mac products
3071	cast net
3072	8460 avery labels
3073	hand dolly
3074	elinchrom
3075	usnea tincture
3076	luminarc
3077	 zinc monomethionine 
3078	l-lysine 500mg
3079	dog crate pads
3080	smurfs toys
3081	fresh frozen wild blue huckleberries
3082	refugium
3083	projector bulb
3084	barbie wheel chairs
3085	grounded outlet
3086	saltwater refugium
3087	corner wood chisel
3088	bose cords
3089	extension handle
3090	homeopathy graphite
3091	warn winch cover
3092	wind chime
3093	apollo
3094	folkmanis t rex
3095	olympus 8x21 dpc i roamer binoculars
3096	solgar l-lysine 500 mg
3097	cd-r 700mb spindle
3098	chlorophyll concentrate
3099	ty beanie babies bear
3100	english rose tea pot
3101	blow up pool
3102	facial buff puff
3103	plush toy black lab
3104	natures way chlorofresh
3105	ariat black
3106	bravo 53331
3107	concealable holsters for pistols
3108	freud 12-194
3109	security products
3110	aveeno lotion
3111	shurline paint rollers
3112	cafe du monde
3113	baggy eyes
3114	pig
3115	compression elbow
3116	shooting
3117	qd mount low scope
3118	epson photo paper glossy 11x14
3119	film negative 6 strip
3120	egg skillet
3121	youth boxing mouthguard
3122	folio planner
3123	castor oil for eyelashes
3124	harley decal
3125	oar
3126	surround sound receiver bose
3127	wood carving tools
3128	toys for adults
3129	aveno clear complexion
3130	yojimbo final fantasy
3131	aveeno® clear complexion daily moisturi
3132	avery address labels ink jet
3133	food grade castor oil
3134	outlets
3135	air wrench impact
3136	makita
3137	tablecloth oval 70 x 104
3138	attar bazaar
3139	maroon saddle pads english
3140	avery 5160 inkjet
3141	projector lihgt bulb for 3m 1700
3142	pistol safe doj
3143	winterberry sugarbowl
3144	personal size binder leather
3145	norpro egg poacher
3146	2 1/2 inch dust collector coupling
3147	door jam security
3148	b00004u3eq
3149	usb photo printer
3150	zv4
